## INVALID Considerations
**Why it might be INVALID:**
The bug report assumes that round-trip conversion should work perfectly, but the documentation never promises this. The functions are documented as one-way converters (snake_case to PascalCase, and various formats to snake_case), not as bidirectional transformers. The expectation of round-trip preservation is an assumption not supported by the documentation. Additionally, the naming convention for snake_case traditionally does use underscores to separate words and numbers (like `hash_256` rather than `hash256`), making the current behavior arguably more correct.

**Why it might not be INVALID:**
The behavior is counterintuitive and creates a real practical problem. When users have existing field names like `field1`, `test2`, or `api3`, converting them through these functions permanently alters them. The fact that `field1` and `field_1` both map to `field_1` after round-trip shows there's a loss of information that could affect real-world usage.

## WONTFIX Considerations
**Why it might be WONTFIX:**
This is a style preference issue about whether snake_case should have underscores before numbers. Both `field1` and `field_1` are valid snake_case formats, and the library has chosen to normalize to the latter. Changing this behavior would be a breaking change that could affect existing users who rely on the current behavior. The issue only affects a specific edge case (snake_case with adjacent letters and numbers) that may not be common enough to warrant a fix.

**Why it might not be WONTFIX:**
The issue affects common programming patterns. Variable names like `test1`, `api2`, `hash256`, `sha512` are extremely common in real code. This isn't an obscure edge case but a practical problem that developers will encounter regularly when using these functions for field aliasing in APIs.

## DOCUMENTATION_FIX Considerations
**Why it might be DOCUMENTATION_FIX:**
The documentation doesn't clarify that these functions are not meant for round-trip conversion, nor does it explain how numbers are handled. Adding a note that `to_snake()` will always insert underscores before digits would help users understand the expected behavior. The documentation could explicitly state that these are one-way transformations optimized for API field aliasing, not general-purpose case converters.

**Why it might not be DOCUMENTATION_FIX:**
The current behavior could be considered a genuine bug rather than just a documentation issue. Simply documenting the limitation doesn't solve the underlying problem that users face when their field names get unexpectedly modified. If the behavior is unintuitive enough that it needs extensive documentation, perhaps the behavior itself should be reconsidered.

## FEATURE_REQUEST Considerations
**Why it might be FEATURE_REQUEST:**
The user is essentially asking for perfect round-trip conversion capability, which is a feature the current implementation doesn't provide. This could be implemented as a new feature - perhaps with optional parameters or separate functions like `to_snake_preserve_numbers()` or a `preserve_number_format=True` parameter. The request goes beyond fixing a bug to asking for enhanced functionality.

**Why it might not be FEATURE_REQUEST:**
The user isn't asking for new functionality but reporting that the existing functionality has unexpected and problematic behavior. They're not requesting an enhancement but pointing out that the current implementation loses information in a way that breaks common use cases. This is about fixing existing behavior, not adding new capabilities.

## BUG Considerations
**Why it might be BUG:**
The function creates a lossy transformation where different inputs (`field1` and `field_1`) map to the same output, losing the original formatting information. This violates the principle of least surprise - developers expect that valid snake_case input would round-trip correctly through these transformations. The behavior is technically correct according to the code but functionally problematic for real-world usage.

**Why it might not be BUG:**
The documentation never promises round-trip capability. The functions are working exactly as coded - `to_snake()` is documented to convert to snake_case, and it does so by ensuring underscores separate words from numbers, which is a valid interpretation of snake_case convention. The behavior is consistent and predictable, even if not ideal for all use cases. The TODO comment in the source suggests developers are aware of limitations in the current design.

## Overall Consideration

After careful analysis, this appears to be primarily a documentation issue with some merit as a feature request. The functions are behaving as coded, and the documentation doesn't promise round-trip capability. However, the documentation also doesn't warn users about this limitation, which could lead to unexpected behavior in production code.

The key factors in this assessment are: (1) The documentation makes no claims about round-trip conversion working, (2) There's no universal standard for whether snake_case must have underscores before numbers, (3) The primary use case for these functions is one-way conversion for API aliasing, not bidirectional transformation, and (4) The TODO comment suggests the developers are already aware of naming and functionality concerns.

While the behavior is surprising and potentially problematic for some use cases, it's not objectively wrong. Different projects and style guides have different conventions about numbers in identifiers. The function makes a consistent choice to always use underscores before numbers, which is a valid design decision even if it doesn't match everyone's preferences. This should be classified as DOCUMENTATION_FIX to clarify the behavior and limitations of these conversion functions.